{"GFLOPs": 0.6367164525, "graph": {"_type": "graph-file", "sha256": "c8400b12aac55191b8da9eb023122754729238cb9d3d8e1b8d05632ebf3ec79b", "size": 12058, "path": "media/graph/graph_summary_c8400b12aac55191b8da.graph.json"}, "epoch": 2, "_timestamp": 1663413626.0248954, "_runtime": 193.61445546150208, "loss": 0.6932940483093262, "acc": 0.3799999952316284, "val_loss": 0.6931478381156921, "val_acc": 0.5, "_step": 7, "best_val_loss": 0.6931353211402893, "best_epoch": 1, "Accuracy": 0.5, "Precision": 0.0, "Recall": 0.0, "f1-score": 0.0, "kappa": 0.0, "auc": 0.467725, "confusion_matrix": [[200, 0], [200, 0]], "_wandb": {"runtime": 192}}