{"GFLOPs": 0.6328915845, "graph": {"_type": "graph-file", "sha256": "b0e9b1f69b92fffcd908d9bc978de6331cb166a7d954f92a2b2cfef6db20283c", "size": 2328, "path": "media/graph/graph_summary_b0e9b1f69b92fffcd908.graph.json"}, "epoch": 0, "_timestamp": 1663411871.5009491, "_runtime": 24.47848105430603, "loss": 1.3055795431137085, "acc": 0.3799999952316284, "val_loss": 0.6952192783355713, "val_acc": 0.5, "_step": 1, "best_val_loss": 0.6952192783355713, "best_epoch": 0, "Test error Rate": 100, "_wandb": {"runtime": 30}}