{"GFLOPs": 0.6367164525, "graph": {"_type": "graph-file", "sha256": "c8400b12aac55191b8da9eb023122754729238cb9d3d8e1b8d05632ebf3ec79b", "size": 12058, "path": "media/graph/graph_summary_c8400b12aac55191b8da.graph.json"}, "epoch": 2, "_timestamp": 1663414066.3638003, "_runtime": 96.71043920516968, "loss": 0.693236768245697, "acc": 0.4399999976158142, "val_loss": 0.6931465268135071, "val_acc": 0.5, "_step": 3, "best_val_loss": 0.6931461095809937, "best_epoch": 0, "Accuracy": 0.5, "Precision": 0.0, "Recall": 0.0, "f1-score": 0.0, "kappa": 0.0, "auc": 0.518, "confusion_matrix": [[200, 0], [200, 0]], "_wandb": {"runtime": 95}}