{"GFLOPs": 0.6328915845, "graph": {"_type": "graph-file", "sha256": "b0e9b1f69b92fffcd908d9bc978de6331cb166a7d954f92a2b2cfef6db20283c", "size": 2328, "path": "media/graph/graph_summary_b0e9b1f69b92fffcd908.graph.json"}, "epoch": 4, "_timestamp": 1659914922.130399, "_runtime": 107.0537850856781, "loss": 0.7464593648910522, "acc": 0.4399999976158142, "val_loss": 0.6929898858070374, "val_acc": 0.4987500011920929, "_step": 4, "best_val_loss": 0.6929898858070374, "best_epoch": 4, "_wandb": {"runtime": 108}}