{"GFLOPs": 0.6328915845, "graph": {"_type": "graph-file", "sha256": "b0e9b1f69b92fffcd908d9bc978de6331cb166a7d954f92a2b2cfef6db20283c", "size": 2328, "path": "media/graph/graph_summary_b0e9b1f69b92fffcd908.graph.json"}, "epoch": 4, "_timestamp": 1659913328.1348355, "_runtime": 123.11807250976562, "loss": 0.7488861083984375, "acc": 0.5600000023841858, "val_loss": 0.6939466595649719, "val_acc": 0.5012500286102295, "_step": 4, "best_val_loss": 0.6930845379829407, "best_epoch": 1, "_wandb": {"runtime": 122}}