{"GFLOPs": 0.6328915845, "graph": {"_type": "graph-file", "sha256": "b0e9b1f69b92fffcd908d9bc978de6331cb166a7d954f92a2b2cfef6db20283c", "size": 2328, "path": "media/graph/graph_summary_b0e9b1f69b92fffcd908.graph.json"}, "epoch": 7, "_timestamp": 1659913189.4580612, "_runtime": 208.59588432312012, "loss": 0.7118836045265198, "acc": 0.6200000047683716, "val_loss": 0.6927531957626343, "val_acc": 0.5237500071525574, "_step": 7, "best_val_loss": 0.6927531957626343, "best_epoch": 7}