{"GFLOPs": 0.6328915845, "graph": {"_type": "graph-file", "sha256": "b0e9b1f69b92fffcd908d9bc978de6331cb166a7d954f92a2b2cfef6db20283c", "size": 2328, "path": "media/graph/graph_summary_b0e9b1f69b92fffcd908.graph.json"}, "epoch": 2, "_timestamp": 1663413963.270851, "_runtime": 72.57911491394043, "loss": 0.8221397399902344, "acc": 0.46000000834465027, "val_loss": 0.6935252547264099, "val_acc": 0.5049999952316284, "_step": 3, "best_val_loss": 0.6932666897773743, "best_epoch": 0, "Accuracy": 0.5, "Precision": 0.0, "Recall": 0.0, "f1-score": 0.0, "kappa": 0.0, "auc": 0.49115000000000003, "confusion_matrix": [[200, 0], [200, 0]], "_wandb": {"runtime": 71}}