{"GFLOPs": 0.6328915845, "graph": {"_type": "graph-file", "sha256": "b0e9b1f69b92fffcd908d9bc978de6331cb166a7d954f92a2b2cfef6db20283c", "size": 2328, "path": "media/graph/graph_summary_b0e9b1f69b92fffcd908.graph.json"}, "epoch": 4, "_timestamp": 1659914487.3141265, "_runtime": 128.429993391037, "loss": 0.7161383628845215, "acc": 0.5600000023841858, "val_loss": 0.6972097158432007, "val_acc": 0.5, "_step": 4, "best_val_loss": 0.6931452751159668, "best_epoch": 1, "_wandb": {"runtime": 127}}