{"GFLOPs": 0.6328915845, "graph": {"_type": "graph-file", "sha256": "b0e9b1f69b92fffcd908d9bc978de6331cb166a7d954f92a2b2cfef6db20283c", "size": 2328, "path": "media/graph/graph_summary_b0e9b1f69b92fffcd908.graph.json"}, "epoch": 7, "_timestamp": 1663412161.1305647, "_runtime": 189.51778173446655, "loss": 0.7191928625106812, "acc": 0.4399999976158142, "val_loss": 0.69312584400177, "val_acc": 0.5024999976158142, "_step": 8, "best_val_loss": 0.6929742693901062, "best_epoch": 2, "Test error Rate": 0, "_wandb": {"runtime": 195}}