{"GFLOPs": 0.6328915845, "graph": {"_type": "graph-file", "sha256": "b0e9b1f69b92fffcd908d9bc978de6331cb166a7d954f92a2b2cfef6db20283c", "size": 2328, "path": "media/graph/graph_summary_b0e9b1f69b92fffcd908.graph.json"}, "epoch": 4, "_timestamp": 1659913497.4453444, "_runtime": 114.51044654846191, "loss": 0.7372788786888123, "acc": 0.5400000214576721, "val_loss": 0.6962293982505798, "val_acc": 0.5, "_step": 4, "best_val_loss": 0.6932282447814941, "best_epoch": 0, "_wandb": {"runtime": 113}}