{"GFLOPs": 0.6367164525, "graph": {"_type": "graph-file", "sha256": "c8400b12aac55191b8da9eb023122754729238cb9d3d8e1b8d05632ebf3ec79b", "size": 12058, "path": "media/graph/graph_summary_c8400b12aac55191b8da.graph.json"}, "epoch": 2, "_timestamp": 1663414397.0309997, "_runtime": 96.86271166801453, "loss": 0.6885504722595215, "acc": 0.5799999833106995, "val_loss": 0.693956732749939, "val_acc": 0.5, "_step": 3, "best_val_loss": 0.6933956742286682, "best_epoch": 0, "Accuracy": 0.5, "Precision": 0.0, "Recall": 0.0, "f1-score": 0.0, "kappa": 0.0, "auc": 0.5168250000000001, "confusion_matrix": [[200, 0], [200, 0]], "_wandb": {"runtime": 95}}