{"GFLOPS": 0.6328915845, "graph": {"_type": "graph-file", "sha256": "b0e9b1f69b92fffcd908d9bc978de6331cb166a7d954f92a2b2cfef6db20283c", "size": 2328, "path": "media/graph/graph_summary_b0e9b1f69b92fffcd908.graph.json"}, "epoch": 29, "_timestamp": 1659363154, "_runtime": 3904, "loss": 0.42672938108444214, "acc": 0.8220000267028809, "val_loss": 0.5173079967498779, "val_acc": 0.789552628993988, "_step": 29, "best_val_loss": 0.40048322081565857, "best_epoch": 23, "_wandb": {"runtime": 3911}}