{"GFLOPs": 0.6328915845, "graph": {"_type": "graph-file", "sha256": "b0e9b1f69b92fffcd908d9bc978de6331cb166a7d954f92a2b2cfef6db20283c", "size": 2328, "path": "media/graph/graph_summary_b0e9b1f69b92fffcd908.graph.json"}, "epoch": 2, "_timestamp": 1663414288.536114, "_runtime": 89.59298992156982, "loss": 0.7307531833648682, "acc": 0.6000000238418579, "val_loss": 0.6961641907691956, "val_acc": 0.5, "_step": 3, "best_val_loss": 0.6930586099624634, "best_epoch": 1, "Accuracy": 0.5, "Precision": 0.0, "Recall": 0.0, "f1-score": 0.0, "kappa": 0.0, "auc": 0.4692500000000001, "confusion_matrix": [[200, 0], [200, 0]], "_wandb": {"runtime": 88}}