{"GFLOPs": 0.6328915845, "graph": {"_type": "graph-file", "sha256": "b0e9b1f69b92fffcd908d9bc978de6331cb166a7d954f92a2b2cfef6db20283c", "size": 2328, "path": "media/graph/graph_summary_b0e9b1f69b92fffcd908.graph.json"}, "epoch": 0, "_timestamp": 1663408397.6305032, "_runtime": 24.382434129714966, "loss": 1.3583146333694458, "acc": 0.5199999809265137, "val_loss": 0.6944814324378967, "val_acc": 0.5, "_step": 0, "best_val_loss": 0.6944814324378967, "best_epoch": 0, "_wandb": {"runtime": 33}}