{"GFLOPs": 0.6328915845, "graph": {"_type": "graph-file", "sha256": "b0e9b1f69b92fffcd908d9bc978de6331cb166a7d954f92a2b2cfef6db20283c", "size": 2328, "path": "media/graph/graph_summary_b0e9b1f69b92fffcd908.graph.json"}, "epoch": 4, "_timestamp": 1659914672.3935628, "_runtime": 105.91207480430603, "loss": 0.7285423874855042, "acc": 0.5600000023841858, "val_loss": 0.6939488053321838, "val_acc": 0.47874999046325684, "_step": 4, "best_val_loss": 0.6932565569877625, "best_epoch": 0, "_wandb": {"runtime": 105}}