{"GFLOPs": 0.6328915845, "graph": {"_type": "graph-file", "sha256": "b0e9b1f69b92fffcd908d9bc978de6331cb166a7d954f92a2b2cfef6db20283c", "size": 2328, "path": "media/graph/graph_summary_b0e9b1f69b92fffcd908.graph.json"}, "epoch": 0, "_timestamp": 1663411923.2147658, "_runtime": 28.86832284927368, "loss": 1.19035804271698, "acc": 0.5799999833106995, "val_loss": 0.6948783993721008, "val_acc": 0.5, "_step": 1, "best_val_loss": 0.6948783993721008, "best_epoch": 0, "Test error Rate": 100, "_wandb": {"runtime": 36}}