{"GFLOPs": 0.6328915845, "graph": {"_type": "graph-file", "sha256": "b0e9b1f69b92fffcd908d9bc978de6331cb166a7d954f92a2b2cfef6db20283c", "size": 2328, "path": "media/graph/graph_summary_b0e9b1f69b92fffcd908.graph.json"}, "epoch": 5, "_timestamp": 1663408343.8725946, "_runtime": 123.76525354385376, "loss": 0.6982579827308655, "acc": 0.5600000023841858, "val_loss": 0.6962082386016846, "val_acc": 0.5, "_step": 5, "best_val_loss": 0.6932203769683838, "best_epoch": 4, "_wandb": {"runtime": 131}}