{"GFLOPs": 0.6328915845, "graph": {"_type": "graph-file", "sha256": "b0e9b1f69b92fffcd908d9bc978de6331cb166a7d954f92a2b2cfef6db20283c", "size": 2328, "path": "media/graph/graph_summary_b0e9b1f69b92fffcd908.graph.json"}, "epoch": 2, "_timestamp": 1663412286.1856463, "_runtime": 100.46060919761658, "loss": 0.7505286931991577, "acc": 0.5400000214576721, "val_loss": 0.6935976147651672, "val_acc": 0.5, "_step": 3, "best_val_loss": 0.6932451128959656, "best_epoch": 1, "Accuracy": 0.5, "Precision": 0.0, "Recall": 0.0, "_wandb": {"runtime": 99}}