{"GFLOPs": 0.6328915845, "graph": {"_type": "graph-file", "sha256": "b0e9b1f69b92fffcd908d9bc978de6331cb166a7d954f92a2b2cfef6db20283c", "size": 2328, "path": "media/graph/graph_summary_b0e9b1f69b92fffcd908.graph.json"}, "epoch": 0, "_timestamp": 1663408489.066435, "_runtime": 20.380123138427734, "loss": 1.4524331092834473, "acc": 0.4000000059604645, "val_loss": 0.6936836838722229, "val_acc": 0.5, "_step": 0, "best_val_loss": 0.6936836838722229, "best_epoch": 0, "_wandb": {"runtime": 23}}