{"GFLOPs": 0.6328915845, "graph": {"_type": "graph-file", "sha256": "b0e9b1f69b92fffcd908d9bc978de6331cb166a7d954f92a2b2cfef6db20283c", "size": 2328, "path": "media/graph/graph_summary_b0e9b1f69b92fffcd908.graph.json"}, "epoch": 2, "_timestamp": 1663412969.051338, "_runtime": 75.70780801773071, "loss": 0.7615451812744141, "acc": 0.41999998688697815, "val_loss": 0.6932861804962158, "val_acc": 0.4975000023841858, "_step": 3, "best_val_loss": 0.6931456923484802, "best_epoch": 1, "Accuracy": 0.5, "Precision": 0.0, "Recall": 0.0, "_wandb": {"runtime": 75}}