{"GFLOPs": 0.6328915845, "graph": {"_type": "graph-file", "sha256": "b0e9b1f69b92fffcd908d9bc978de6331cb166a7d954f92a2b2cfef6db20283c", "size": 2328, "path": "media/graph/graph_summary_b0e9b1f69b92fffcd908.graph.json"}, "epoch": 0, "_timestamp": 1659912924.933722, "_runtime": 83.92302012443542, "loss": 0.8047429323196411, "acc": 0.5139999985694885, "val_loss": 0.6965934038162231, "val_acc": 0.48374998569488525, "_step": 0, "best_val_loss": 0.6965934038162231, "best_epoch": 0, "_wandb": {"runtime": 121}}