{"GFLOPs": 0.6367164525, "graph": {"_type": "graph-file", "sha256": "c8400b12aac55191b8da9eb023122754729238cb9d3d8e1b8d05632ebf3ec79b", "size": 12058, "path": "media/graph/graph_summary_c8400b12aac55191b8da.graph.json"}, "epoch": 29, "_timestamp": 1659912429.9384136, "_runtime": 3180.7197597026825, "loss": 0.6931761503219604, "acc": 0.5, "val_loss": 0.6931553483009338, "val_acc": 0.5, "_step": 29, "best_val_loss": 0.6931458115577698, "best_epoch": 3, "_wandb": {"runtime": 3180}}